{
    "args": {
        "u0": [
            0.49457800495224524,
            0.26745259325403603,
            0.4497387877393193,
            0.32807705995998604,
            0.8545934885162726
        ],
        "tspan": [
            0,
            100
        ],
        "p": [
            0.16207166221196045,
            0.7009195813964052,
            0.7040317196117394,
            0.15807853921067516
        ]
    },
    "kws": {
        "saveat": 0.1,
        "reltol": 1.0e-7,
        "abstol": 1.0e-7
    }
}